﻿--
-- Script was generated by Devart dbForge Studio for MySQL, Version 8.0.40.0
-- Product home page: http://www.devart.com/dbforge/mysql/studio
-- Script date 25/03/2019 13:37:31
-- Server version: 5.5.5-10.1.36-MariaDB
-- Client version: 4.1
--

-- 
-- Disable foreign keys
-- 
/*!40014 SET @OLD_FOREIGN_KEY_CHECKS=@@FOREIGN_KEY_CHECKS, FOREIGN_KEY_CHECKS=0 */;

-- 
-- Set SQL mode
-- 
/*!40101 SET @OLD_SQL_MODE=@@SQL_MODE, SQL_MODE='NO_AUTO_VALUE_ON_ZERO' */;
DROP DATABASE IF EXISTS yii2_ejemplo4;

CREATE DATABASE IF NOT EXISTS yii2_ejemplo4;
-- 
-- Set character set the client will use to send SQL statements to the server
--
SET NAMES 'utf8';

--
-- Set default database
--
USE yii2_ejemplo4;

--
-- Drop table `consultas`
--
DROP TABLE IF EXISTS consultas;

--
-- Drop table `emple`
--
DROP TABLE IF EXISTS emple;

--
-- Drop table `depart`
--
DROP TABLE IF EXISTS depart;

--
-- Set default database
--
USE yii2_ejemplo4;

--
-- Create table `depart`
--
CREATE TABLE depart (
  dept_no int(11) NOT NULL AUTO_INCREMENT,
  dnombre varchar(30) DEFAULT NULL,
  loc varchar(30) DEFAULT NULL,
  PRIMARY KEY (dept_no)
)
ENGINE = INNODB,
AUTO_INCREMENT = 41,
AVG_ROW_LENGTH = 4096,
CHARACTER SET latin1,
COLLATE latin1_swedish_ci;

--
-- Create table `emple`
--
CREATE TABLE emple (
  emp_no int(11) NOT NULL,
  apellido varchar(50) NOT NULL,
  oficio varchar(30) DEFAULT NULL,
  dir int(11) DEFAULT NULL,
  fecha_alt date DEFAULT NULL,
  salario int(11) DEFAULT NULL,
  comision int(11) DEFAULT NULL,
  dept_no int(11) DEFAULT NULL,
  PRIMARY KEY (emp_no)
)
ENGINE = INNODB,
AVG_ROW_LENGTH = 1170,
CHARACTER SET latin1,
COLLATE latin1_swedish_ci;

--
-- Create foreign key
--
ALTER TABLE emple
ADD CONSTRAINT FK_emple_dept_no FOREIGN KEY (dept_no)
REFERENCES depart (dept_no) ON DELETE CASCADE ON UPDATE CASCADE;

--
-- Create table `consultas`
--
CREATE TABLE consultas (
  id int(11) NOT NULL AUTO_INCREMENT,
  texto varchar(255) DEFAULT NULL,
  tabla varchar(255) DEFAULT NULL,
  PRIMARY KEY (id)
)
ENGINE = INNODB,
AUTO_INCREMENT = 36,
AVG_ROW_LENGTH = 468,
CHARACTER SET latin1,
COLLATE latin1_swedish_ci;

-- 
-- Dumping data for table depart
--
INSERT INTO depart VALUES
(10, 'CONTABILIDAD', 'SEVILLA'),
(20, 'INVESTIGACIÓN', 'MADRID'),
(30, 'VENTAS', 'BARCELONA'),
(40, 'PRODUCCIÓN', 'BILBAO');

-- 
-- Dumping data for table emple
--
INSERT INTO emple VALUES
(7369, 'SÁNCHEZ', 'EMPLEADO', 7902, '1990-12-17', 1040, NULL, 20),
(7499, 'ARROYO', 'VENDEDOR', 7698, '1990-02-20', 1500, 390, 30),
(7521, 'SALA', 'VENDEDOR', 7698, '1991-02-22', 1625, 650, 30),
(7566, 'JIMÉNEZ', 'DIRECTOR', 7839, '1991-04-02', 2900, NULL, 20),
(7654, 'MARTÍN', 'VENDEDOR', 7698, '1991-09-29', 1600, 1020, 30),
(7698, 'NEGRO', 'DIRECTOR', 7839, '1991-05-01', 3005, NULL, 30),
(7782, 'CEREZO', 'DIRECTOR', 7839, '1991-06-09', 2885, NULL, 10),
(7788, 'GIL', 'ANALISTA', 7566, '1991-11-09', 3000, NULL, 20),
(7839, 'REY', 'PRESIDENTE', NULL, '1991-11-17', 4100, NULL, 10),
(7844, 'TOVAR', 'VENDEDOR', 7698, '1991-09-08', 1350, 0, 30),
(7876, 'ALONSO', 'EMPLEADO', 7788, '1991-09-23', 1430, NULL, 20),
(7900, 'JIMENO', 'EMPLEADO', 7698, '1991-12-03', 1335, NULL, 30),
(7902, 'FERNÁNDEZ', 'ANALISTA', 7566, '1991-12-03', 3000, NULL, 20),
(7934, 'MUÑOZ', 'EMPLEADO', 7782, '1992-01-23', 1690, NULL, 10);

-- 
-- Dumping data for table consultas
--
INSERT INTO consultas VALUES
(1, 'Mostrar todos los campos y todos los registros de la tabla empleado.', 'emple'),
(2, 'Mostrar todos los campos y todos los registros de la tabla departamento.', 'depart'),
(3, 'Mostrar el apellido y oficio de cada empleado.', 'emple'),
(4, 'Mostrar la localización y número de cada departamento.', 'depart'),
(5, 'Mostrar el número, nombre y localización de cada departamento.', 'depart'),
(6, 'Indicar el número de empleados que hay.', 'emple'),
(7, 'Datos de los empleados ordenados por apellido de forma ascendente.', 'emple'),
(8, 'Datos de los empleados ordenados por apellido de forma descendente.', 'emple'),
(9, 'Indicar el número de departamentos que hay.', 'depart'),
(10, 'Datos de los empleados ordenados por número departamento descendentemente.', 'emple'),
(11, 'Datos de los empleados ordenados por num. depart. descendentemente y por oficio ascendente.', 'emple'),
(12, 'Datos de los empleados ordenados por num. depart. descendentemente y por apellido ascendente.', 'emple'),
(13, 'Mostrar los códigos de los empleados cuyo salario sea mayor que 2000.', 'emple'),
(14, 'Mostrar los códigos y los apellidos de los empleados cuyo salario sea menor que 2000.', 'emple'),
(15, 'Mostrar los datos de los empleados cuyo salario este entre 1500 y 2500.', 'emple'),
(16, 'Mostrar los datos de los empleados cuyo oficio sea ANALISTA.', 'emple'),
(17, 'Mostrar los datos de los empleados cuyo oficio sea ANALISTA y ganen más de 2000.', 'emple'),
(18, 'Seleccionar el apellido y oficio de los empleados del departamento número 20.', 'emple'),
(19, 'Contar el número de empleados cuyo oficio sea VENDEDOR.', 'emple'),
(20, 'Mostrar todos los datos de los empleados cuyos apellidos comiencen por m o por n ordenados por apellidos ascendentemente.', 'emple'),
(21, 'Seleccionar los empleados cuyo oficio sea VENDEDOR ordenados por apellido de forma ascendente.', 'emple'),
(22, 'Mostrar los apellidos del empleado que más gana.', 'emple'),
(23, 'Mostrar los empleados cuyo departamento sea 10 y cuyo oficio sea ANALISTA ordenando por apellido y oficio ascendentemente.', 'emple'),
(24, 'Listado de los distintos meses en que los empleados se han dado de alta.', 'emple'),
(25, 'Listado de los distintos años en que los empleados se han dado de alta.', 'emple'),
(26, 'Listado de los distintos días en que los empleados se han dado de alta.', 'emple'),
(27, 'e pertenezcan al departamento número 20.', 'emple'),
(28, 'Listado que nos coloque el apellido del empleado y el nombre del departamento al que pertenece.', 'emple'),
(29, 'Listado del apellido, el oficioy el nombre del departamento al que pertenece el empleado ordenándolos por apellido de forma descendente.', 'emple'),
(30, 'Listar el número de empleados por departamento.', 'emple'),
(31, 'Listar el número de empleados por departamento con nombre departamento.', 'emple'),
(32, 'Listar el apellido de todos los empleados y ordenadorlos por oficio, y por nombre.', 'emple'),
(33, 'Seleccionar de la tabla EMPLE los empleados cuyo apellido empiece por A. Listar el apellido de los empleados.', 'emple'),
(34, 'Seleccionar de la tabla EMPLE los empleados cuyo apellido empiece por A o por M. Listar el apellido de los empleados.', 'emple'),
(35, ' Listar todos los campos de la tabla empleados  cuyo apellido no termine Z.', NULL);

-- 
-- Restore previous SQL mode
-- 
/*!40101 SET SQL_MODE=@OLD_SQL_MODE */;

-- 
-- Enable foreign keys
-- 
/*!40014 SET FOREIGN_KEY_CHECKS = @OLD_FOREIGN_KEY_CHECKS */;