﻿--
-- Script was generated by Devart dbForge Studio for MySQL, Version 8.0.40.0
-- Product home page: http://www.devart.com/dbforge/mysql/studio
-- Script date 15/03/2019 9:53:59
-- Server version: 5.5.5-10.1.36-MariaDB
-- Client version: 4.1
--

-- 
-- Disable foreign keys
-- 
/*!40014 SET @OLD_FOREIGN_KEY_CHECKS=@@FOREIGN_KEY_CHECKS, FOREIGN_KEY_CHECKS=0 */;

-- 
-- Set SQL mode
-- 
/*!40101 SET @OLD_SQL_MODE=@@SQL_MODE, SQL_MODE='NO_AUTO_VALUE_ON_ZERO' */;

-- 
-- Set character set the client will use to send SQL statements to the server
--
SET NAMES 'utf8';

DROP DATABASE IF EXISTS practica01_atletismo;

CREATE DATABASE IF NOT EXISTS practica01_atletismo
CHARACTER SET utf8
COLLATE utf8_general_ci;

--
-- Set default database
--
USE practica01_atletismo;

--
-- Create table `tipo`
--
CREATE TABLE IF NOT EXISTS tipo (
  id int(11) NOT NULL AUTO_INCREMENT,
  destino varchar(255) DEFAULT NULL,
  PRIMARY KEY (id)
)
ENGINE = INNODB,
AUTO_INCREMENT = 101,
AVG_ROW_LENGTH = 163,
CHARACTER SET utf8,
COLLATE utf8_general_ci;

--
-- Create table `reunion`
--
CREATE TABLE IF NOT EXISTS reunion (
  id int(11) NOT NULL AUTO_INCREMENT,
  fecha date DEFAULT NULL,
  lugar varchar(255) DEFAULT NULL,
  nombre varchar(255) DEFAULT NULL,
  PRIMARY KEY (id)
)
ENGINE = INNODB,
AUTO_INCREMENT = 11,
AVG_ROW_LENGTH = 1638,
CHARACTER SET utf8,
COLLATE utf8_general_ci;

--
-- Create table `prueba`
--
CREATE TABLE IF NOT EXISTS prueba (
  id int(11) NOT NULL AUTO_INCREMENT,
  lugar varchar(255) DEFAULT NULL,
  hora time DEFAULT NULL,
  reunion int(11) DEFAULT NULL,
  tipo int(11) DEFAULT NULL,
  PRIMARY KEY (id)
)
ENGINE = INNODB,
AUTO_INCREMENT = 11,
AVG_ROW_LENGTH = 1638,
CHARACTER SET utf8,
COLLATE utf8_general_ci;

--
-- Create foreign key
--
ALTER TABLE prueba
ADD CONSTRAINT FK_prueba_reunion FOREIGN KEY (reunion)
REFERENCES reunion (id) ON DELETE CASCADE ON UPDATE CASCADE;

--
-- Create foreign key
--
ALTER TABLE prueba
ADD CONSTRAINT FK_prueba_tipo FOREIGN KEY (tipo)
REFERENCES tipo (id) ON DELETE CASCADE ON UPDATE CASCADE;

--
-- Create table `deportista`
--
CREATE TABLE IF NOT EXISTS deportista (
  id int(11) NOT NULL AUTO_INCREMENT,
  nombre varchar(255) DEFAULT NULL,
  provincia varchar(255) DEFAULT NULL,
  codigoPostal int(5) DEFAULT NULL,
  dni varchar(12) DEFAULT NULL,
  domicilio varchar(255) DEFAULT NULL,
  telefono varchar(12) DEFAULT NULL,
  PRIMARY KEY (id)
)
ENGINE = INNODB,
AUTO_INCREMENT = 251,
AVG_ROW_LENGTH = 262,
CHARACTER SET utf8,
COLLATE utf8_general_ci;

--
-- Create index `dni` on table `deportista`
--
ALTER TABLE deportista
ADD UNIQUE INDEX dni (dni);

--
-- Create table `resultado`
--
CREATE TABLE IF NOT EXISTS resultado (
  id int(11) NOT NULL AUTO_INCREMENT,
  marca time DEFAULT NULL,
  posicion int(11) DEFAULT NULL,
  deportista int(11) DEFAULT NULL,
  reunion int(11) DEFAULT NULL,
  prueba int(11) DEFAULT NULL,
  PRIMARY KEY (id)
)
ENGINE = INNODB,
AUTO_INCREMENT = 202,
AVG_ROW_LENGTH = 81,
CHARACTER SET utf8,
COLLATE utf8_general_ci;

--
-- Create foreign key
--
ALTER TABLE resultado
ADD CONSTRAINT FK_resultado_deportista FOREIGN KEY (deportista)
REFERENCES deportista (id) ON DELETE CASCADE ON UPDATE CASCADE;

--
-- Create foreign key
--
ALTER TABLE resultado
ADD CONSTRAINT FK_resultado_prueba FOREIGN KEY (prueba)
REFERENCES prueba (id) ON DELETE CASCADE ON UPDATE CASCADE;

--
-- Create foreign key
--
ALTER TABLE resultado
ADD CONSTRAINT FK_resultado_reunion FOREIGN KEY (reunion)
REFERENCES reunion (id) ON DELETE CASCADE ON UPDATE CASCADE;

-- 
-- Dumping data for table tipo
--
INSERT INTO tipo VALUES
(1, 'Tasmania'),
(2, 'Victoria'),
(3, 'Western Australia'),
(4, 'Queensland'),
(5, 'South Australia'),
(6, 'New South Wales'),
(7, 'Australian Capital Territory'),
(8, 'Northern Territory'),
(9, 'South Australia'),
(10, 'Western Australia'),
(11, 'Victoria'),
(12, 'New South Wales'),
(13, 'Australian Capital Territory'),
(14, 'Tasmania'),
(15, 'Northern Territory'),
(16, 'Queensland'),
(17, 'Australian Capital Territory'),
(18, 'Tasmania'),
(19, 'South Australia'),
(20, 'Victoria'),
(21, 'Queensland'),
(22, 'Northern Territory'),
(23, 'New South Wales'),
(24, 'Western Australia'),
(25, 'Western Australia'),
(26, 'South Australia'),
(27, 'Northern Territory'),
(28, 'New South Wales'),
(29, 'Tasmania'),
(30, 'Australian Capital Territory'),
(31, 'Queensland'),
(32, 'Victoria'),
(33, 'Australian Capital Territory'),
(34, 'Queensland'),
(35, 'Northern Territory'),
(36, 'New South Wales'),
(37, 'Western Australia'),
(38, 'Victoria'),
(39, 'Tasmania'),
(40, 'South Australia'),
(41, 'Tasmania'),
(42, 'Victoria'),
(43, 'New South Wales'),
(44, 'Northern Territory'),
(45, 'South Australia'),
(46, 'Australian Capital Territory'),
(47, 'Western Australia'),
(48, 'Queensland'),
(49, 'Western Australia'),
(50, 'Tasmania'),
(51, 'Victoria'),
(52, 'New South Wales'),
(53, 'Northern Territory'),
(54, 'Queensland'),
(55, 'Australian Capital Territory'),
(56, 'South Australia'),
(57, 'Western Australia'),
(58, 'South Australia'),
(59, 'Northern Territory'),
(60, 'Australian Capital Territory'),
(61, 'Tasmania'),
(62, 'Queensland'),
(63, 'Victoria'),
(64, 'New South Wales'),
(65, 'Western Australia'),
(66, 'Australian Capital Territory'),
(67, 'Northern Territory'),
(68, 'Victoria'),
(69, 'South Australia'),
(70, 'Tasmania'),
(71, 'New South Wales'),
(72, 'Queensland'),
(73, 'Northern Territory'),
(74, 'Western Australia'),
(75, 'Australian Capital Territory'),
(76, 'Tasmania'),
(77, 'New South Wales'),
(78, 'Queensland'),
(79, 'Victoria'),
(80, 'South Australia'),
(81, 'Australian Capital Territory'),
(82, 'Tasmania'),
(83, 'Victoria'),
(84, 'New South Wales'),
(85, 'South Australia'),
(86, 'Western Australia'),
(87, 'Queensland'),
(88, 'Northern Territory'),
(89, 'Tasmania'),
(90, 'Victoria'),
(91, 'Australian Capital Territory'),
(92, 'Western Australia'),
(93, 'Queensland'),
(94, 'Northern Territory'),
(95, 'South Australia'),
(96, 'New South Wales'),
(97, 'Victoria'),
(98, 'Queensland'),
(99, 'Western Australia'),
(100, 'New South Wales');

-- 
-- Dumping data for table reunion
--
INSERT INTO reunion VALUES
(1, '2015-01-02', 'Kalgoorlie', 'Life Insurance'),
(2, '2016-05-10', 'Albany', 'Oil & Gas Producers'),
(3, '2016-04-14', 'Bowral', 'Support Services'),
(4, '2015-12-11', 'Albury', 'Fixed Line Telecommunications'),
(5, '2015-02-18', 'Wangaratta', 'Travel & Leisure'),
(6, '2017-12-25', 'Nowra', 'Industrial Engineering'),
(7, '2015-04-22', 'Sunshine Coast', 'Construction & Materials'),
(8, '2017-08-24', 'Gladstone', 'Automobiles & Parts'),
(9, '2018-09-13', 'Brisbane', 'General Industrials'),
(10, '2015-11-11', 'Warragul', 'Electricity');

-- 
-- Dumping data for table prueba
--
INSERT INTO prueba VALUES
(1, 'Levis', '10:28:01', 2, 96),
(2, 'Napanee', '18:31:10', 1, 44),
(3, 'Feversham', '13:30:29', 7, 26),
(4, 'Lewisporte', '18:43:37', 2, 83),
(5, 'Courtenay', '18:33:56', 9, 28),
(6, 'Napierville', '10:15:47', 10, 5),
(7, 'Hudson Bay', '14:23:53', 6, 23),
(8, 'Zenon Park', '10:03:17', 8, 85),
(9, 'Boyle', '14:52:37', 7, 96),
(10, 'Courtice', '12:46:43', 6, 82);

-- 
-- Dumping data for table deportista
--
INSERT INTO deportista VALUES
(1, 'Letha Bolt', 'Manitoba', 43803, 'JJAGA9398N', '750 NE Beachwood Loop, Equitable Building, Denver, CO, 31201', '674-1322'),
(2, 'Vanita Kelleher', 'Quebec', 33428, 'JDLBE4285K', '995 Hidden Sharp Hill Rd, Penobscot Building, Montgomery, Alabama, 28496', '965-5686'),
(3, 'Marcos Abraham', 'Northwest Territories', 44533, 'XXQGO5386M', '90 E Hope St, Jefferson City, MO, 65809', '867-0047'),
(4, 'Miyoko Mckinney', 'Saskatchewan', 16971, 'HLWFS9535Z', '3775 Market Avenue, Concord, NH, 92786', '835-7313'),
(5, 'Adolph Francisco', 'British Columbia', 39394, 'WODKF4427C', '2337 Church Lane, Superior Bldg, Augusta, Maine, 96301', '325-5495'),
(6, 'Oma Lawler', 'Quebec', 20313, 'QGJHI1462V', '2774 Cedar Tree Pkwy, Calyon Building, Raleigh, NC, 20197', '652-9832'),
(7, 'Felix Alba', 'Alberta', 48872, 'YLCJN9784W', '3106 Mountain St, Calyon Bldg, Tallahassee, Florida, 10285', '741-1922'),
(8, 'Eusebia Noland', 'Northwest Territories', 19800, 'BEUHA9484T', '2036 South Sharp Hill St, Salem, Oregon, 44550', '905-2189'),
(9, 'Denisha Mcginnis', 'Yukon Territory', 22774, 'ERTJN5856J', '322 Old Deepwood Parkway, Equitable Bldg, Albany, New York, 05900', '212-9581'),
(10, 'Stanford Sullivan', 'Alberta', 34527, 'ZWYFM7929P', '1923 Hidden Sharp Hill Highway, MidAmerican Building, Saint Paul, MN, 03039', '292-6056'),
(11, 'Nathan Salisbury', 'Quebec', 23280, 'JQLKG6683K', '87 Fox Hill Ln, Calyon Building, Topeka, KS, 73916', '489-9788'),
(12, 'Burton Bunnell', 'Newfoundland and Labrador', 32647, 'SKGAH7614Q', '319 Pine Tree Circle, First Security Bldg, Jefferson City, MO, 52792', '138-3809'),
(13, 'Adah Jameson', 'New Brunswick', 28691, 'MTYKR6515T', '414 Farmview Blvd, Appartment 1, Madison, Wisconsin, 94158', '322-7795'),
(14, 'Adam Geer', 'Manitoba', 25183, 'UOTHI2467L', '263 West Cedar Tree Road, Annapolis, MD, 87709', '244-3848'),
(15, 'Freeman Selby', 'Nova Scotia', 37914, 'PDKAG8677J', '3688 Glenwood Way, Kearns Building, Des Moines, Iowa, 34557', '128-6870'),
(16, 'Laura Barger', 'Northwest Territories', 31651, 'MGICI8474O', '670 West Parkwood Circle, Denver, Colorado, 44199', '427-5327'),
(17, 'Ariel Hermann', 'Yukon Territory', 20397, 'QLKTF2462U', '3504 Brentwood Loop, Standard Building, Helena, Montana, 66419', '527-9335'),
(18, 'Adam Maddox', 'Prince Edward Island', 19213, 'ANUAB5257W', '1428 NW Burwood St, Diamond Building, Augusta, Maine, 66436', '416-2504'),
(19, 'Winnifred Brantley', 'Nunavut', 26610, 'YLQGG6678Z', '79 Hidden Riverside Ct, 3rd Floor, Tallahassee, Florida, 05724', '101-8959'),
(20, 'Gayle Baugh', 'Yukon Territory', 33591, 'YXPPC7422L', '573 Front Dr, 1st Floor, Baton Rouge, LA, 44167', '432-3919'),
(21, 'Delcie Abney', 'Alberta', 15798, 'VCTHM3271U', '1038 New Riddle Hill Ct, Trenton, NJ, 35521', '253-7167'),
(22, 'Kasey Furr', 'Quebec', 24125, 'MHUTX5688I', '3759 Ski Hill Ct, Austin, Texas, 89056', '911-8600'),
(23, 'Gertie Abel', 'Quebec', 45816, 'XCNGE4336T', '28 New Flintwood Ct, 257 Towers Building, Richmond, Virginia, 40421', '617-4682'),
(24, 'Myles Angel', 'Quebec', 18704, 'SHBBX2225Z', '3146 Stonewood Way, Carson City, Nevada, 67300', '967-5759'),
(25, 'Jerome Gipson', 'Newfoundland and Labrador', 44342, 'AQFGC2736A', '1955 2nd Lane, Jackson, Mississippi, 65248', '971-4477'),
(26, 'Lilla Perez', 'Yukon Territory', 15506, 'UMXLJ3228C', '3057 Meadowview Parkway, Keith Bldg, Boise, ID, 65823', '552-0587'),
(27, 'Josephine Norwood', 'Nova Scotia', 49306, 'BNEPV4955N', '136 Woodcock Hwy, Raleigh, NC, 11904', '770-7858'),
(28, 'Elli Robertson', 'Nova Scotia', 39163, 'ZDXGK3541Y', '414 East Cedar Tree Pkwy, Jefferson City, MO, 19935', '871-4957'),
(29, 'Curtis Hutson', 'Manitoba', 39178, 'VXCTH4369M', '348 Riddle Hill Ave, Macy''s Building, Concord, NH, 86745', '999-1984'),
(30, 'Melia Gates', 'Ontario', 27638, 'YCDPU3936W', '3662 White Beachwood Lane, STE 174, Richmond, Virginia, 43699', '712-0581'),
(31, 'Marc Pickering', 'Alberta', 17084, 'QHTTH7683R', '3532 Old Parkwood Circle, Enquirer Bldg, Santa Fe, NM, 85455', '447-6466'),
(32, 'Alida Jobe', 'Alberta', 41420, 'HVUJV8881B', '2119 Church St, Sacramento, California, 83820', '245-2218'),
(33, 'Cordelia Key', 'Quebec', 42319, 'DDEAS4916W', '453 S Church Avenue, 3rd Floor, Jefferson City, Missouri, 08751', '508-7897'),
(34, 'Reba Gregg', 'British Columbia', 39807, 'SAXFS9459N', '63 Rockwood Way, Suite 8960, Cheyenne, Wyoming, 01810', '063-1472'),
(35, 'Jarod Bourgeois', 'Newfoundland and Labrador', 35266, 'BMRCL5268K', '1825 Ashwood Loop, Comcast Building, Baton Rouge, LA, 37627', '960-6846'),
(36, 'Oliva Coble', 'British Columbia', 22973, 'XSCKR6859J', '1872 NW Ski Hill Ln, Annapolis, Maryland, 08556', '411-9912'),
(37, 'Corey Musgrove', 'Ontario', 20512, 'GZCPC9166Y', '522 West Monument Ct, 8th FL, Lincoln, NE, 06060', '572-7637'),
(38, 'Bud Grubbs', 'Northwest Territories', 32701, 'GFEPQ1276D', '2286 Town Pkwy, Bartlett Bldg, Raleigh, NC, 13635', '693-1798'),
(39, 'Newton Graves', 'Prince Edward Island', 42309, 'LSFFB3681F', '800 Ski Hill Way, Lansing, Michigan, 25006', '397-3893'),
(40, 'Tamica Goins', 'Nunavut', 20082, 'AAZTK8963E', '895 Farmview Ave, Tallahassee, FL, 27880', '749-4900'),
(41, 'Bertram Herzog', 'Nunavut', 20037, 'OQQBI7143Q', '20 West Flintwood Cir, Columbia, SC, 96837', '149-5785'),
(42, 'Malcolm Coward', 'Nunavut', 47760, 'CNCBA4273U', '2723 Flintwood Loop, Little Rock, Arkansas, 00570', '509-4364'),
(43, 'Carley Valdez', 'Ontario', 43699, 'ZCCKB9423R', '36 Fox Hill St, Salt Lake City, Utah, 84402', '029-2091'),
(44, 'Lizzie Krueger', 'Manitoba', 15914, 'DLCJC4965A', '1905 Hidden Hunting Hill Drive, Penobscot Bldg, Austin, Texas, 23330', '026-1092'),
(45, 'Celestine Hong', 'Manitoba', 27034, 'WMRHI2359H', '222 Rose Hill Hwy, 1st Floor, Lincoln, NE, 07634', '796-9435'),
(46, 'Shonda Leake', 'Quebec', 23505, 'WBRCE9493X', '826 Sharp Hill Ct, Standard Bldg, Augusta, Maine, 40414', '847-3540'),
(47, 'Hubert Waldrop', 'Quebec', 21026, 'NPBFL4458K', '1511 Old Ski Hill Parkway, Superior Building, Juneau, Alaska, 37819', '028-3588'),
(48, 'Alphonso Meeks', 'Nunavut', 22498, 'IEXLT6739F', '23 Edgewood Hwy, Guardian Building, Springfield, Illinois, 50047', '792-0362'),
(49, 'Aimee Stamm', 'Saskatchewan', 21380, 'MMZGF9381M', '66 Burwood Cir, Superior Bldg, Little Rock, Arkansas, 02989', '052-0006'),
(50, 'Sonia Ackerman', 'Prince Edward Island', 29916, 'JOZPA7934D', '488 Ashwood Lane, Phoenix, AZ, 17927', '588-5767'),
(51, 'Derrick Ruiz', 'New Brunswick', 35946, 'MLSKE5477G', '3841 Flintwood Road, Denver, Colorado, 31715', '206-3606'),
(52, 'Alejandro Espinal', 'Yukon Territory', 39051, 'TEWLU2884N', '412 Rushwood Avenue, Salem, Oregon, 59317', '589-6184'),
(53, 'Myrtis Thornhill', 'Nova Scotia', 45218, 'TAICY7387N', '2217 South Social Pkwy, Juneau, AK, 68378', '957-0951'),
(54, 'Calvin Looney', 'Prince Edward Island', 36990, 'SGQJQ3218E', '14 Highland Blvd, Boston, MA, 95995', '505-9235'),
(55, 'Deedee Strange', 'New Brunswick', 37804, 'NAHJG4415S', '1147 Red Chapel Hill Pkwy, Salem, OR, 84270', '726-6550'),
(56, 'Burt Hughes', 'British Columbia', 22278, 'JICAS6257J', '2407 West Ski Hill Ln, Macy''s Building, Springfield, IL, 47135', '275-2161'),
(57, 'Calvin Abrams', 'Alberta', 16008, 'QHMGD9713I', '477 East Riverside Ln, Plaza Bldg, Springfield, Illinois, 67099', '450-9083'),
(58, 'Hobert Adam', 'Saskatchewan', 28828, 'JQJGO9267E', '3690 NW Ashwood Hwy, Olympia, Washington, 17060', '099-3599'),
(59, 'Adan Pulido', 'Ontario', 38185, 'JZTTK8267M', '14 Deepwood Ct, Indianapolis, Indiana, 28209', '251-8668'),
(60, 'Abel Christian', 'Manitoba', 45057, 'NLDAN4633K', '73 Monument Court, Austin, Texas, 83864', '248-0558'),
(61, 'Jeanna Maxwell', 'Ontario', 18939, 'RCMGL9974B', '417 Town Blvd, Trenton, NJ, 13916', '341-5668'),
(62, 'Alice Gonzales', 'Quebec', 49894, 'RCMJS2444L', '3039 Hazelwood Ct, Nipper Bldg, Dover, Delaware, 99015', '379-9089'),
(63, 'Ronnie Roby', 'Alberta', 32841, 'TNVLK9348K', '3136 Old Town Hwy, Nashville, Tennessee, 94401', '422-3796'),
(64, 'Mervin Lyon', 'Quebec', 42306, 'JLECA8528G', '224 Hope Loop, Carson City, Nevada, 80071', '191-5369'),
(65, 'Abram Fenton', 'New Brunswick', 25830, 'NTUHJ3753I', '426 Ironwood Road, Equitable Building, Carson City, Nevada, 35357', '642-9429'),
(66, 'Carlton Beaudoin', 'Northwest Territories', 19320, 'APGAG3115O', '2337 S Monument Ave, STE 1, Columbus, Ohio, 12771', '646-0124'),
(67, 'Alexa Saucedo', 'Nunavut', 26948, 'CZOPN9845J', '2712 North Hope Ct, Tallahassee, Florida, 89272', '065-8884'),
(68, 'Bryce Estrada', 'Yukon Territory', 35309, 'VDITE6762T', '1798 New Deepwood Ct, Baton Rouge, Louisiana, 20579', '258-0872'),
(69, 'Milton Gay', 'Newfoundland and Labrador', 41789, 'ULPTO5727M', '1413 Mountain Pkwy, Richmond, VA, 21450', '182-9741'),
(70, 'Halley Bostic', 'Prince Edward Island', 38777, 'XDGCQ8423D', '1514 Church Road, Columbia, SC, 89715', '045-5857'),
(71, 'Darrick Olmstead', 'Manitoba', 15639, 'UISPF6299Q', '551 Monument Dr, Pierre, South Dakota, 59772', '584-1472'),
(72, 'Logan Flannery', 'Saskatchewan', 42172, 'ZAVLZ8948S', '3822 NE Edgewood Circle, Suite 613, Richmond, VA, 79236', '684-3013'),
(73, 'Armando Alvarez', 'New Brunswick', 22742, 'KZQFC1997L', '2870 Prospect Hill Circle, APT 28, Richmond, VA, 69266', '616-8537'),
(74, 'Glynis Redman', 'Newfoundland and Labrador', 18446, 'HNPAW7712E', '2963 Old Ironwood St, Suite 990, Atlanta, GA, 19315', '658-9502'),
(75, 'Sonya Tinsley', 'Newfoundland and Labrador', 35064, 'LGATE4165T', '1385 South Social Ln, Olympia, WA, 37653', '054-0540'),
(76, 'Machelle Andersen', 'Saskatchewan', 27547, 'TXDLP9259W', '698 Parkwood Parkway, 3rd FL, Austin, Texas, 66749', '200-4003'),
(77, 'Owen Alston', 'Alberta', 18520, 'WZACV1793N', '971 Mountain Parkway, First Security Building, Hartford, Connecticut, 37465', '470-7042'),
(78, 'Bradford Alfaro', 'Quebec', 24544, 'JJGLJ2367Q', '2275 SW Monument Circle, Tallahassee, Florida, 07964', '247-2994'),
(79, 'Benito Agee', 'British Columbia', 39771, 'BXTAO4337B', '922 W Deepwood Ct, Jefferson City, MO, 63269', '774-7895'),
(80, 'Alan Judd', 'Manitoba', 37564, 'ZPLAP9529N', '2597 East Hunting Hill Ct, 7th Floor, Honolulu, Hawaii, 68796', '713-9198'),
(81, 'Abram Swank', 'Northwest Territories', 31905, 'EZBJN1545Y', '3070 Old Sharp Hill Court, Nipper Building, Phoenix, Arizona, 03353', '680-6690'),
(82, 'Elaina Gruber', 'British Columbia', 31281, 'QDHLL1482E', '10 Rock Hill Cir, Bartlett Bldg, Annapolis, MD, 31025', '300-2717'),
(83, 'Debbra Packer', 'British Columbia', 24678, 'JKZFA9662H', '871 Parkwood Lane, Raleigh, NC, 18400', '883-4167'),
(84, 'Freeman Blevins', 'Nunavut', 25056, 'BMPLG6827Z', '3612 Ski Hill Way, Bartlett Building, Columbia, South Carolina, 59516', '486-0725'),
(85, 'Drew Burt', 'Northwest Territories', 19487, 'XQUCG6876M', '69 Ironwood Road, Calyon Building, Lansing, MI, 51871', '206-0152'),
(86, 'Rivka Caron', 'Ontario', 21094, 'ZXSFF7617R', '3900 East Edgewood Parkway, Keith Bldg, Phoenix, AZ, 01843', '964-0381'),
(87, 'Lesia Hatch', 'Manitoba', 33322, 'TFGCA1829X', '108 NW Front Highway, 1st Floor, Baton Rouge, LA, 89776', '032-4809'),
(88, 'Janis Gonsalves', 'Ontario', 33194, 'CPAAU6681W', '3595 Riddle Hill Court, Denver, Colorado, 79164', '054-8540'),
(89, 'Selina Pfeiffer', 'Ontario', 29795, 'SIGGL4283S', '2875 Riverview Lane, Plaza Building, Indianapolis, IN, 21998', '007-4137'),
(90, 'Johnathan Magana', 'Newfoundland and Labrador', 49185, 'XBNJY1887Y', '898 Social Ave, MidAmerican Building, Santa Fe, New Mexico, 41239', '825-0858'),
(91, 'Hosea Spears', 'Yukon Territory', 47107, 'EBEPH8686E', '699 Mountain Highway, Equitable Bldg, Dover, DE, 95970', '311-9819'),
(92, 'Graham Alger', 'Northwest Territories', 19245, 'ERTBC6138L', '1395 Mountain Dr, Macy''s Bldg, Concord, New Hampshire, 26463', '480-6092'),
(93, 'Kizzy Hightower', 'Quebec', 47950, 'JBVPQ4681W', '1665 Waterview Loop, Diamond Building, Salem, OR, 74354', '534-6243'),
(94, 'Sanjuanita Conners', 'Saskatchewan', 36376, 'ZPRGE1549X', '671 New Rushwood Circle, Tallahassee, FL, 66031', '079-3978'),
(95, 'Tanner Van', 'Nunavut', 24170, 'GXIAQ9852G', '2523 Parkwood Parkway, Superior Bldg, Richmond, Virginia, 65203', '702-1939'),
(96, 'Abel Paulson', 'British Columbia', 41684, 'QUYHP2789P', '168 SE Prospect Hill Circle, Plaza Bldg, Sacramento, California, 30920', '702-5604'),
(97, 'Abdul Freed', 'Quebec', 33817, 'XTWLJ2956I', '1442 Hope Pkwy, Diamond Building, Dover, DE, 77697', '334-2357'),
(98, 'Ora Dorris', 'Manitoba', 39427, 'USGPD9289K', '3179 White Hazelwood Blvd, Judge Building, Lansing, Michigan, 73647', '224-6623'),
(99, 'Abbie Gurley', 'Nunavut', 38985, 'BDQHC6931S', '2601 East Rose Hill Pkwy, Lansing, Michigan, 15799', '016-0862'),
(100, 'Bradford Broderick', 'Nova Scotia', 15411, 'RDIGV3548E', '212 Riverside Circle, Albany, NY, 39858', '118-6886'),
(101, 'Merrilee Stamper', 'New Brunswick', 29425, 'XZGGT3993C', '942 Brentwood Ln, Victor Executive Building, Jefferson City, MO, 51798', '515-9118'),
(102, 'Addie Lincoln', 'New Brunswick', 35680, 'XPOCD5654H', '3955 Fox Hill Ct, Cheyenne, WY, 87901', '062-1345'),
(103, 'Ada Edmond', 'Alberta', 24576, 'FNRFH8269X', '2893 Pine Tree Parkway, Superior Building, Pierre, South Dakota, 46281', '058-7471'),
(104, 'Brett Abreu', 'Nunavut', 19014, 'TDJHP7668X', '86 SW Rose Hill Ln, 3rd Floor, Carson City, NV, 87597', '998-5878'),
(105, 'Alonzo Arce', 'Saskatchewan', 32227, 'HWZAZ8525A', '817 Glenwood Ct, Guardian Building, Columbia, South Carolina, 70642', '352-5723'),
(106, 'Agripina Meadows', 'Alberta', 24733, 'QAYPA9483Y', '1871 N Buttonwood Way, Albany, NY, 68277', '864-0339'),
(107, 'Darwin Kay', 'British Columbia', 22040, 'ZWJJK2464X', '3863 NE Social Ave, Columbia, SC, 51301', '329-1037'),
(108, 'Edith Lord', 'Yukon Territory', 35678, 'BAJCT9364K', '829 Town Ct, Diamond Bldg, Lansing, MI, 54529', '049-2566'),
(109, 'Shenita Pulley', 'Nunavut', 39797, 'PGPGH3143R', '939 Hidden Quailwood Parkway, APT 2, Lincoln, NE, 00530', '112-2738'),
(110, 'Merlene Collazo', 'New Brunswick', 22029, 'FXCFD4612X', '3413 New Chapel Hill Highway, Judge Bldg, Madison, WI, 03653', '009-4825'),
(111, 'Elwood Desimone', 'Nova Scotia', 39511, 'DJOKB8586N', '14 New Rose Hill Ave, Honolulu, HI, 45177', '770-1189'),
(112, 'Harrison Abel', 'Newfoundland and Labrador', 49941, 'MPVCK4677E', '56 Quailwood Ave, Columbia, South Carolina, 09609', '647-6303'),
(113, 'Celinda Block', 'New Brunswick', 38803, 'KMFTS8185J', '25 Front Circle, Baton Rouge, Louisiana, 84010', '649-7851'),
(114, 'Eboni Rendon', 'Nova Scotia', 38918, 'PORTQ8225C', '1919 Brentwood Cir, Kearns Bldg, Pierre, South Dakota, 26498', '236-8229'),
(115, 'Hank Myles', 'New Brunswick', 18931, 'KWHBC1492A', '707 W Ski Hill Parkway, Richmond, VA, 65311', '528-4215'),
(116, 'Antonia Paine', 'Nova Scotia', 16616, 'WJGCX8913O', '222 S Deepwood Street, 3rd FL, Raleigh, North Carolina, 70630', '352-5598'),
(117, 'Syble Elder', 'Yukon Territory', 15165, 'JVHAX7939X', '3754 Flintwood Parkway, Equitable Building, Saint Paul, Minnesota, 53231', '957-8613'),
(118, 'Patricia Cornett', 'Nunavut', 49709, 'JEYHO3277E', '1527 East Glenwood Street, Des Moines, IA, 12386', '707-5855'),
(119, 'Hayden Simpkins', 'Newfoundland and Labrador', 31975, 'GAQBA5928C', '706 S Prospect Hill Parkway, Phoenix, AZ, 36962', '095-7400'),
(120, 'Helga Amaral', 'Alberta', 21199, 'FBMLW1655V', '824 Cedar Tree Ln, Suite 9500, Saint Paul, Minnesota, 38069', '002-6227'),
(121, 'Ben Ridenour', 'Newfoundland and Labrador', 35164, 'PSLTT7832O', '253 Chapel Hill Parkway, Calyon Building, Denver, Colorado, 47458', '452-6943'),
(122, 'Ivan Abreu', 'Saskatchewan', 34158, 'GTLFX9499K', '404 Ski Hill Lane, Duke Energy Building, Jackson, MS, 84915', '599-1110'),
(123, 'Adolph Bowen', 'Alberta', 15030, 'CCRAR6274L', '3328 Ashwood Blvd, Denver, CO, 52164', '938-4171'),
(124, 'Sharie Rojas', 'Prince Edward Island', 41749, 'OEGCU8629C', '113 Riddle Hill Ln, Lincoln, NE, 27150', '739-4532'),
(125, 'Kathleen Avalos', 'Saskatchewan', 34555, 'MOGFX1369G', '76 New Rock Hill Drive, Boise, ID, 20225', '626-1711'),
(126, 'Nyla Branch', 'New Brunswick', 39364, 'ARXGH6981C', '2277 SW Front Hwy, Equitable Building, Juneau, Alaska, 23535', '277-7212'),
(127, 'Cristopher Larue', 'Ontario', 42304, 'DYKFR4219G', '3796 Cedar Tree Rd, Baton Rouge, Louisiana, 17931', '572-6289'),
(128, 'Leslie Mccord', 'Nova Scotia', 28872, 'IXDGA8448A', '2485 North Market Ave, Keith Bldg, Albany, NY, 28124', '224-4936'),
(129, 'Omar Oliveira', 'Newfoundland and Labrador', 43651, 'EIBTQ3387K', '291 Rose Hill Ave, Victor Executive Bldg, Salem, Oregon, 28818', '456-5098'),
(130, 'Brandie Young', 'Prince Edward Island', 43132, 'FXMHI7237Z', '399 Farmview Parkway, Victor Executive Building, Columbus, Ohio, 52980', '107-9493'),
(131, 'Alfred Barkley', 'Quebec', 18287, 'HTRTB3532F', '14 East Front Blvd, Enquirer Bldg, Austin, TX, 72939', '990-8724'),
(132, 'Abby Archie', 'British Columbia', 38185, 'EAVPK2742K', '340 Old Riverside Hwy, Diamond Building, Santa Fe, New Mexico, 67039', '935-2234'),
(133, 'Harley Neal', 'Saskatchewan', 24909, 'UZJPF7137Q', '953 Glenwood Loop, Harrisburg, PA, 81873', '020-5927'),
(134, 'Criselda Wolff', 'Prince Edward Island', 25897, 'YWIHF2856J', '165 Beachwood Drive, Suite 84, Montgomery, Alabama, 51040', '019-4439'),
(135, 'Kim Lemus', 'Quebec', 19986, 'TQRTW8581Q', '732 Hope Highway, Tallahassee, FL, 35322', '791-2437'),
(136, 'Desmond Ackerman', 'Nova Scotia', 24249, 'CQEBU9779T', '581 E Fox Hill Lane, Judge Bldg, Phoenix, AZ, 28157', '823-4654'),
(137, 'Adela Mccombs', 'Saskatchewan', 20840, 'UDALV2992B', '3230 Ashwood Highway, Springfield, Illinois, 72442', '241-4830'),
(138, 'Bridget Larsen', 'New Brunswick', 47539, 'YZVPW1748Y', '838 Riddle Hill Parkway, Enquirer Building, Pierre, South Dakota, 85416', '906-7021'),
(139, 'Andres Reedy', 'Ontario', 44971, 'JERGJ8324R', '22 North Parkwood Blvd, Des Moines, Iowa, 73264', '517-2196'),
(140, 'Asia Dawkins', 'Quebec', 36859, 'LNVFN5828M', '22 NE Chapel Hill Cir, Duke Energy Bldg, Denver, Colorado, 98646', '220-9947'),
(141, 'Stewart Curley', 'Nova Scotia', 19393, 'KPBTO9123X', '2298 W Cedar Tree Dr, 6th Floor, Springfield, IL, 75599', '880-8987'),
(142, 'Gerard Rogers', 'Alberta', 36660, 'HKQBO1553M', '3839 Red Bayview Pkwy, Juneau, AK, 27701', '054-1744'),
(143, 'Matthew Samson', 'Quebec', 27423, 'VVKJB7522E', '953 Parkwood Loop, Salem, Oregon, 21723', '941-9082'),
(144, 'Abbie Noland', 'New Brunswick', 42426, 'HUYCI6772W', '842 South Quailwood Ln, Columbus, Ohio, 70246', '816-9668'),
(145, 'Aisha Villalobos', 'British Columbia', 25507, 'UMVAK7584K', '376 NW Market Highway, Appartment 4, Madison, WI, 13385', '758-4076'),
(146, 'Jeromy Albert', 'Yukon Territory', 27209, 'LPATW5562L', '2902 Mount Way, Baton Rouge, Louisiana, 74559', '358-5820'),
(147, 'Julee Addison', 'Nunavut', 40204, 'VMWJB4531Z', '69 Mountain Ave, Bismarck, North Dakota, 00045', '297-4443'),
(148, 'Hiram Lancaster', 'Newfoundland and Labrador', 44076, 'XTUHO8534T', '297 North Rose Hill Road, Olympia, WA, 05611', '072-2420'),
(149, 'Vertie Polk', 'Quebec', 26812, 'ECKGG3572C', '1080 NW Chapel Hill Cir, Olympia, Washington, 68232', '998-4715'),
(150, 'Damion Gallegos', 'Nova Scotia', 25512, 'SVOTV1873W', '2643 Red Mount Hwy, Hartford, CT, 63303', '397-0790'),
(151, 'Clayton Minnick', 'Saskatchewan', 46669, 'WQPTJ3362Y', '70 Social Circle, Keith Bldg, Raleigh, North Carolina, 79834', '064-9862'),
(152, 'Quincy Clawson', 'Ontario', 18236, 'EQYFT7283Y', '738 East Glenwood Way, Enquirer Building, Concord, NH, 62104', '662-8191'),
(153, 'Ruthe Gillespie', 'Quebec', 21373, 'YSKLR7978S', '3875 N Front Street, Judge Building, Des Moines, IA, 84675', '678-1770'),
(154, 'Emmitt Schroeder', 'British Columbia', 16403, 'HEQCP2425D', '3715 W Rose Hill Pkwy, Diamond Bldg, Albany, New York, 29990', '723-1729'),
(155, 'Arline Allard', 'British Columbia', 19413, 'AUZJG1448T', '61 North Sharp Hill Court, Charleston, WV, 38446', '516-4535'),
(156, 'Nobuko Farris', 'New Brunswick', 19589, 'HXLLJ8161M', '3828 New Hunting Hill Avenue, Madison, WI, 24580', '912-1012'),
(157, 'Augustine Bradford', 'Northwest Territories', 28978, 'WVAHG7738V', '34 Town Way, Appartment 74, Boise, ID, 01783', '351-1534'),
(158, 'Zack Alarcon', 'Northwest Territories', 34943, 'PRNTU7895I', '722 Chapel Hill Ct, Raleigh, North Carolina, 27246', '099-3569'),
(159, 'Lizzette Nunes', 'Prince Edward Island', 20089, 'QJJTM4316B', '803 Burwood Blvd, Helena, Montana, 05188', '437-6481'),
(160, 'Kamilah Barham', 'Northwest Territories', 48066, 'DBUKZ1346G', '1432 Bayview Road, Plaza Bldg, Phoenix, AZ, 60270', '423-2537'),
(161, 'Adelaida Rodrigues', 'Nova Scotia', 34655, 'MTMLV4833O', '2274 Buttonwood Blvd, Jackson, Mississippi, 08192', '766-4392'),
(162, 'Marlon Abel', 'Quebec', 33239, 'FTXKP7396J', '930 Rockwood Road, Oklahoma City, Oklahoma, 52566', '097-9530'),
(163, 'Zoraida Adame', 'Newfoundland and Labrador', 16523, 'SQWKS5849S', '2219 Buttonwood Ct, Appartment 98, Nashville, TN, 17882', '239-6797'),
(164, 'Emery Gagne', 'New Brunswick', 15631, 'LSPLP7729U', '3208 South Quailwood Lane, Tallahassee, Florida, 70561', '612-7851'),
(165, 'Bethanie Jobe', 'Manitoba', 42255, 'TZRTW2853P', '885 Burwood Parkway, APT 5, Phoenix, Arizona, 12069', '053-6610'),
(166, 'Chantelle Braun', 'Northwest Territories', 42636, 'UJABC9968M', '1191 New Farmview Cir, First Security Building, Phoenix, AZ, 13552', '317-0583'),
(167, 'Jared Cupp', 'Ontario', 24969, 'MLQAL9529S', '2484 Waterview Lane, 2nd FL, Albany, New York, 21076', '597-3011'),
(168, 'Alvin Fairley', 'Nunavut', 39726, 'GRACM8544G', '74 Red Bayview Blvd, Charleston, West Virginia, 56351', '978-9750'),
(169, 'Kirstie Mercier', 'New Brunswick', 42000, 'HBHFD9853R', '2605 West Rushwood Lane, Equitable Bldg, Montgomery, AL, 22434', '823-0511'),
(170, 'Abe Ahrens', 'Newfoundland and Labrador', 30630, 'KVETP9574Q', '1959 Buttonwood Rd, Santa Fe, NM, 39618', '012-7211'),
(171, 'Laura Montero', 'Newfoundland and Labrador', 25844, 'OYBCC4944J', '72 White Deepwood Rd, Harrisburg, Pennsylvania, 57211', '086-8915'),
(172, 'Melony Weir', 'Saskatchewan', 41127, 'PLSHA7935D', '2325 Fox Hill Ct, Plaza Bldg, Des Moines, Iowa, 87956', '446-3839'),
(173, 'Ahmad Kaiser', 'Manitoba', 18991, 'HXGTL2127O', '2818 North Front Hwy, Guardian Building, Saint Paul, MN, 04866', '838-2519'),
(174, 'Brock Foote', 'Ontario', 41780, 'ZHXPX7743H', '308 New Social Road, Saint Paul, Minnesota, 81453', '192-3873'),
(175, 'Consuelo Stewart', 'New Brunswick', 20543, 'MLJFE2719U', '3619 Rushwood Blvd, 3rd Floor, Helena, Montana, 87839', '256-5400'),
(176, 'Tony Acker', 'Saskatchewan', 16634, 'YCQBZ9825T', '2749 Glenwood Lane, Frankfort, Kentucky, 60864', '978-4987'),
(177, 'Robbyn Simons', 'Prince Edward Island', 45899, 'LKECU4989M', '2037 North Bayview Blvd, Trenton, NJ, 94078', '561-9965'),
(178, 'Malika Edmond', 'British Columbia', 15305, 'LTZCU4596Y', '2372 Sharp Hill Rd, Equitable Bldg, Santa Fe, New Mexico, 50902', '781-5019'),
(179, 'Rachelle Bolt', 'Nunavut', 34649, 'SNGPZ3248V', '1886 Hidden Hunting Hill Highway, Des Moines, Iowa, 60850', '165-3929'),
(180, 'Arthur Knowlton', 'Nova Scotia', 43579, 'YEYTS8844L', '1641 East Front Hwy, Guardian Bldg, Nashville, Tennessee, 60724', '969-1445'),
(181, 'Clifford Branson', 'Nunavut', 33769, 'DVOLV1874K', '326 S Meadowview Hwy, Trenton, New Jersey, 61103', '762-1910'),
(182, 'Olivia Funderburk', 'Prince Edward Island', 38654, 'MOWLT3445J', '74 New Deepwood Ln, Dover, DE, 81594', '882-0957'),
(183, 'Danilo Calvert', 'Manitoba', 32882, 'ZGNAX8828N', '260 Farmview Rd, STE 3099, Montgomery, Alabama, 48453', '086-2086'),
(184, 'Florencio Mendoza', 'Nova Scotia', 44959, 'QWACD4957I', '822 Rockwood Ln, Bartlett Building, Cheyenne, Wyoming, 05309', '788-7001'),
(185, 'Janeth Bolin', 'Alberta', 46896, 'HGOCJ3461Q', '2279 Oak Pkwy, 1st FL, Nashville, TN, 85755', '190-3029'),
(186, 'Joye Alderman', 'Alberta', 49566, 'RBETK7471E', '1413 Mount Way, 4th FL, Montgomery, AL, 10624', '691-1609'),
(187, 'Karl Bridges', 'Saskatchewan', 42018, 'MTYAJ3918V', '976 White Bayview St, MidAmerican Bldg, Phoenix, AZ, 47521', '815-9734'),
(188, 'Alethia Abraham', 'Ontario', 32723, 'BFFCG3314R', '2128 Social Highway, Lincoln, Nebraska, 57807', '222-5739'),
(189, 'Valentine Hunter', 'Alberta', 29402, 'FMUBR2118P', '1664 Church Parkway, Augusta, Maine, 53158', '046-5885'),
(190, 'Kaye Kline', 'Newfoundland and Labrador', 17549, 'UURGU4767J', '3705 Mount Court, Nipper Building, Springfield, Illinois, 94093', '720-0076'),
(191, 'Alfonso Allen', 'Yukon Territory', 15883, 'JWEHM1591R', '2702 W Parkwood Avenue, Suite 16, Charleston, West Virginia, 56372', '941-8953'),
(192, 'Perry Lefebvre', 'Newfoundland and Labrador', 26623, 'TIAHH4191U', '1534 Old Pine Tree Hwy, STE 2602, Juneau, AK, 26856', '753-0974'),
(193, 'Jerome Ackerman', 'Nunavut', 18777, 'LKYLD2317Y', '1334 Red Pine Tree St, Santa Fe, NM, 21829', '960-9528'),
(194, 'Salley Voss', 'Ontario', 31121, 'CHXAS3563T', '268 SE Lake Ct, Kearns Building, Lansing, Michigan, 50246', '015-1232'),
(195, 'Abby Isaacs', 'Prince Edward Island', 30541, 'YTYTI2885W', '3354 SE Edgewood Hwy, Phoenix, AZ, 44097', '670-0015'),
(196, 'Loise Hedrick', 'New Brunswick', 40076, 'QVLFV4691O', '837 Lake Rd, Enquirer Building, Montpelier, VT, 05242', '717-2852'),
(197, 'Garth Cavazos', 'British Columbia', 37926, 'FNHCA9855C', '127 SE Chapel Hill Lane, 257 Towers Bldg, Dover, Delaware, 60583', '878-2889'),
(198, 'Stan Gantt', 'British Columbia', 15718, 'DOILS3266B', '479 Market Cir, Jefferson City, Missouri, 76558', '244-2834'),
(199, 'Gregorio Winkler', 'Nunavut', 45824, 'ORSLS1977A', '269 SW Parkwood Street, APT 27, Oklahoma City, Oklahoma, 72833', '277-2821'),
(200, 'Jazmin Crowell', 'Nunavut', 25024, 'KVTJW5182X', '15 White Fox Hill Loop, Augusta, Maine, 76608', '774-4516'),
(201, 'Adam Nava', 'Quebec', 33404, 'EFMFU6542K', '18 Red Social Parkway, Fisher Bldg, Carson City, NV, 80999', '892-0411'),
(202, 'Alex Archibald', 'Ontario', 42880, 'BKVFS1747R', '81 Town Way, Providence, RI, 69908', '958-4853'),
(203, 'Alfonso Bravo', 'Prince Edward Island', 47092, 'MTUCZ6475Z', '3611 Bayview Road, Topeka, Kansas, 55803', '835-9315'),
(204, 'Refugio Ambrose', 'British Columbia', 27873, 'BIVKV5154Z', '2364 SW Oak Avenue, Annapolis, Maryland, 90654', '595-5750'),
(205, 'Alexia Smith', 'Prince Edward Island', 36916, 'VNIAH9724P', '1391 East Social Ct, Oklahoma City, OK, 95677', '367-8832'),
(206, 'Benito Moulton', 'Newfoundland and Labrador', 27305, 'XWOLR8862K', '1192 Rock Hill Lane, Diamond Bldg, Boise, ID, 34465', '238-2232'),
(207, 'Wiley Close', 'Alberta', 17977, 'DBVKI2364X', '39 Old Ski Hill Pkwy, Victor Executive Bldg, Harrisburg, Pennsylvania, 78637', '318-4691'),
(208, 'Abe Alcorn', 'Ontario', 49353, 'YDKCA7946M', '75 Old Front St, Frankfort, Kentucky, 83828', '609-6881'),
(209, 'Kerry Hook', 'British Columbia', 27776, 'DVUAU4519V', '440 Ironwood Ct, Comcast Bldg, Hartford, Connecticut, 97270', '367-0618'),
(210, 'Milan Beckett', 'Ontario', 41276, 'KDRGR5583M', '2644 Pine Tree Hwy, Macy''s Building, Austin, Texas, 17122', '828-6303'),
(211, 'Cristobal Rojas', 'Ontario', 36380, 'UYULP5256S', '412 Hidden Rushwood Hwy, Saint Paul, Minnesota, 77746', '843-9757'),
(212, 'Alisha Aquino', 'Alberta', 32453, 'PCFBT8861X', '690 Farmview Way, Saint Paul, Minnesota, 53970', '880-1947'),
(213, 'Lilli Keene', 'Saskatchewan', 41879, 'UJTBE5416A', '2608 Lake Ln, Penobscot Bldg, Charleston, West Virginia, 06114', '738-0716'),
(214, 'Alyce Andersen', 'Newfoundland and Labrador', 43878, 'EYXPI1799B', '3167 West Chapel Hill Ct, Victor Executive Bldg, Denver, Colorado, 67249', '664-3096'),
(215, 'Adam Tribble', 'Alberta', 20002, 'RRVKL7229D', '859 Sharp Hill Court, Appartment 572, Madison, WI, 72659', '809-9249'),
(216, 'Aubrey Lemmon', 'Prince Edward Island', 35196, 'YSAPB5377G', '3333 W Cedar Tree Way, Albany, New York, 08970', '764-4594'),
(217, 'Brian Louis', 'Yukon Territory', 20865, 'JXDCA2723K', '69 Rose Hill Ln, Fisher Bldg, Madison, Wisconsin, 36176', '148-7558'),
(218, 'Hermina Conger', 'Saskatchewan', 39400, 'CYOAO5886X', '555 Hidden Rock Hill Ct, Hartford, Connecticut, 08266', '317-8372'),
(219, 'Bob Chu', 'Newfoundland and Labrador', 48678, 'SQMKE4218R', '3025 South Ironwood Ct, Lansing, MI, 39599', '154-6649'),
(220, 'Brian Gibbs', 'Alberta', 19873, 'TGZTU4617P', '665 North Meadowview Blvd, STE 5094, Des Moines, Iowa, 90244', '864-9361'),
(221, 'Addie Allan', 'British Columbia', 45599, 'BEIFQ4314L', '24 South Highland Cir, Richmond, VA, 46483', '874-8134'),
(222, 'Eddie Alexander', 'Nunavut', 37020, 'EGHKL7757F', '3797 Flintwood Avenue, Saint Paul, Minnesota, 42536', '813-1941'),
(223, 'Adelaida Abney', 'Manitoba', 36995, 'CIMAT5113C', '3769 Highland Avenue, STE 12, Indianapolis, Indiana, 89792', '096-6744'),
(224, 'Shizuko Alvarado', 'Quebec', 31830, 'ZEKAU7825E', '422 W Glenwood Way, Bartlett Building, Montgomery, Alabama, 36622', '686-7666'),
(225, 'Tara Beaulieu', 'Nunavut', 32319, 'MUCCU6575F', '71 White Fox Hill Road, Calyon Bldg, Harrisburg, PA, 47782', '558-3432'),
(226, 'Alesha Dorris', 'New Brunswick', 43878, 'JRTGJ9349K', '112 Social Ln, Sacramento, CA, 10505', '317-6133'),
(227, 'Ernesto Cantu', 'Newfoundland and Labrador', 46380, 'ISQAC6451V', '3874 Rose Hill Avenue, Appartment 864, Albany, New York, 75809', '846-2882'),
(228, 'Donald Braswell', 'Yukon Territory', 29583, 'DTVBR3561D', '3382 NW Flintwood Drive, Standard Building, Concord, NH, 06587', '721-1981'),
(229, 'Jeremy Clemens', 'Alberta', 16561, 'QEZTG6995R', '2267 Flintwood Rd, 90th Floor, Santa Fe, NM, 45472', '821-2270'),
(230, 'Allan Devlin', 'Northwest Territories', 38602, 'GUDHY6735S', '56 Woodside Ln, Honolulu, Hawaii, 20402', '635-9565'),
(231, 'Amira Kenney', 'Prince Edward Island', 30918, 'SIXPQ3668A', '1537 N Rock Hill Hwy, Olympia, Washington, 46764', '157-4488'),
(232, 'Gavin Mauldin', 'British Columbia', 30866, 'TYIJQ3953H', '3374 Old Hope Parkway, 3rd Floor, Jackson, Mississippi, 85528', '225-9537'),
(233, 'Dennis Schuster', 'Alberta', 39951, 'CZBCA2448G', '643 Edgewood Ct, Oklahoma City, Oklahoma, 79863', '552-4960'),
(234, 'Idell Alvarez', 'Nova Scotia', 47256, 'EVPGK5782P', '2815 Pine Tree St, Dover, Delaware, 04838', '574-9809'),
(235, 'Vonnie Paquette', 'New Brunswick', 40200, 'WSOPU6682V', '25 North Meadowview Parkway, Fisher Bldg, Hartford, CT, 37754', '631-9982'),
(236, 'Abigail Sander', 'British Columbia', 27621, 'SUOLL3733Y', '580 New Deepwood St, Denver, CO, 82837', '049-5668'),
(237, 'Abel Wolfe', 'Manitoba', 49927, 'KSJFZ2486D', '2552 Ashwood Ct, Bartlett Building, Little Rock, AR, 58186', '059-6715'),
(238, 'Alton Begay', 'Ontario', 31269, 'MVBBL1277H', '857 NW Ski Hill Loop, Austin, Texas, 17401', '732-3212'),
(239, 'Rory Ackerman', 'Alberta', 18150, 'IUFJH7657C', '1903 Monument Ave, APT 38, Harrisburg, PA, 60307', '633-2302'),
(240, 'Marcela Abernathy', 'British Columbia', 27650, 'BCUBV6569G', '376 SE Ashwood Ln, 9th FL, Richmond, Virginia, 67536', '180-7794'),
(241, 'Taina Casper', 'Manitoba', 44123, 'YRETZ4366V', '823 White Monument Ave, Denver, CO, 60120', '379-2292'),
(242, 'Abram Lynch', 'British Columbia', 27161, 'DCGLX6678Y', '1484 Hidden Riverview Ln, Frankfort, KY, 96644', '235-0076'),
(243, 'Luther Venable', 'Alberta', 48956, 'ZKKLU8686J', '2662 Ashwood Way, Phoenix, AZ, 32268', '850-5622'),
(244, 'Jamey Castro', 'Nunavut', 34266, 'QEDCY6243G', '3562 North Quailwood Hwy, Penobscot Bldg, Little Rock, AR, 95604', '922-7402'),
(245, 'Nelle Flood', 'New Brunswick', 44301, 'GHICG3794S', '611 Sharp Hill Avenue, Boise, ID, 15218', '799-4587'),
(246, 'Miquel Hong', 'Quebec', 20188, 'QJQJE9439L', '2658 New Ski Hill Lane, Equitable Bldg, Carson City, NV, 26291', '337-1299'),
(247, 'Gerard Bratcher', 'British Columbia', 36692, 'QVLGU2484H', '493 West Ski Hill Highway, Appartment 40, Jackson, Mississippi, 34720', '669-1464'),
(248, 'Akiko Todd', 'Yukon Territory', 45051, 'RSCJQ9559R', '516 1st Pkwy, 1st FL, Pierre, SD, 47968', '292-3622'),
(249, 'Ernie Farrar', 'Alberta', 33051, 'WFZKB1169Q', '1721 Bayview Lane, Springfield, IL, 63616', '274-2230'),
(250, 'Leon Compton', 'Nova Scotia', 45491, 'ZVAJN4977W', '2396 Buttonwood Court, 2nd Floor, Madison, Wisconsin, 18051', '035-9296');

-- 
-- Dumping data for table resultado
--
INSERT INTO resultado VALUES
(1, '00:45:40', 169, 63, 3, 10),
(2, '00:53:13', 188, 179, 7, 10),
(3, '00:45:07', 59, 232, 1, 1),
(4, '00:57:37', 136, 48, 9, 8),
(5, '00:51:28', 80, 112, 8, 5),
(6, '00:59:33', 108, 183, 3, 5),
(7, '00:48:03', 170, 204, 4, 7),
(8, '00:47:34', 23, 104, 5, 5),
(9, '00:46:57', 60, 169, 2, 9),
(10, '00:46:01', 157, 1, 1, 4),
(11, '00:49:26', 137, 248, 1, 1),
(12, '00:48:19', 3, 146, 3, 6),
(13, '00:53:47', 189, 197, 6, 3),
(14, '00:58:55', 24, 26, 9, 1),
(15, '00:58:42', 171, 10, 2, 1),
(16, '00:58:51', 190, 89, 7, 1),
(17, '00:45:50', 4, 169, 9, 1),
(18, '00:45:03', 172, 74, 6, 2),
(19, '00:59:22', 191, 111, 5, 10),
(20, '00:51:08', 173, 192, 7, 2),
(21, '00:52:58', 158, 101, 1, 8),
(22, '00:45:18', 25, 123, 7, 1),
(23, '00:58:06', 5, 75, 2, 8),
(24, '00:47:35', 88, 224, 1, 4),
(25, '00:46:59', 138, 232, 5, 7),
(26, '00:47:18', 109, 157, 10, 4),
(27, '00:59:16', 81, 134, 9, 4),
(28, '00:57:32', 26, 224, 1, 6),
(29, '00:57:43', 192, 175, 2, 9),
(30, '00:46:38', 89, 152, 7, 7),
(31, '00:48:24', 159, 216, 2, 10),
(32, '00:47:53', 174, 25, 9, 1),
(33, '00:58:35', 193, 125, 8, 1),
(34, '00:49:35', 6, 224, 1, 4),
(35, '00:53:03', 27, 28, 5, 7),
(36, '00:54:32', 61, 74, 2, 7),
(37, '00:56:53', 7, 111, 4, 6),
(38, '00:59:01', 139, 173, 7, 8),
(39, '00:58:21', 41, 239, 4, 9),
(40, '00:56:15', 28, 27, 3, 5),
(41, '00:46:25', 8, 43, 4, 9),
(42, '00:45:09', 29, 49, 4, 1),
(43, '00:46:26', 160, 14, 5, 3),
(44, '00:54:49', 175, 207, 10, 6),
(45, '00:50:03', 110, 60, 10, 1),
(46, '00:54:49', 62, 63, 10, 2),
(47, '00:50:51', 90, 70, 8, 1),
(48, '00:57:20', 111, 26, 7, 4),
(49, '00:46:50', 140, 137, 9, 5),
(50, '00:53:18', 42, 106, 4, 1),
(51, '00:48:19', 194, 75, 6, 1),
(52, '00:46:43', 161, 146, 5, 8),
(53, '00:46:00', 9, 97, 7, 9),
(54, '00:57:06', 141, 70, 9, 6),
(55, '00:55:57', 91, 187, 2, 1),
(56, '00:46:16', 112, 134, 2, 5),
(57, '00:58:59', 176, 199, 7, 3),
(58, '00:47:44', 195, 160, 7, 8),
(59, '00:59:34', 162, 55, 2, 4),
(60, '00:51:11', 142, 53, 4, 9),
(61, '00:46:34', 163, 168, 6, 4),
(62, '00:55:33', 30, 89, 8, 5),
(63, '00:52:00', 10, 165, 3, 5),
(64, '00:56:37', 31, 250, 6, 9),
(65, '00:58:54', 92, 196, 5, 5),
(66, '00:45:46', 113, 193, 7, 3),
(67, '00:57:54', 143, 99, 10, 5),
(68, '00:52:28', 11, 164, 3, 2),
(69, '00:48:18', 93, 127, 2, 8),
(70, '00:59:03', 123, 49, 2, 5),
(71, '00:49:32', 114, 65, 5, 2),
(72, '00:55:46', 144, 20, 3, 3),
(73, '00:46:15', 32, 187, 2, 5),
(74, '00:49:45', 63, 209, 9, 5),
(75, '00:52:19', 12, 54, 2, 4),
(76, '00:55:56', 94, 142, 8, 7),
(77, '00:54:20', 115, 57, 10, 8),
(78, '00:45:11', 33, 233, 8, 7),
(79, '00:57:41', 13, 173, 8, 6),
(80, '00:59:13', 34, 84, 6, 7),
(81, '00:55:50', 95, 223, 9, 6),
(82, '00:57:38', 14, 109, 1, 2),
(83, '00:45:35', 35, 227, 2, 2),
(84, '00:57:39', 43, 131, 4, 8),
(85, '00:46:37', 116, 107, 6, 2),
(86, '00:57:45', 96, 36, 5, 5),
(87, '00:50:35', 124, 111, 3, 6),
(88, '00:51:30', 15, 129, 6, 10),
(89, '00:48:26', 117, 123, 9, 7),
(90, '00:51:50', 177, 134, 5, 7),
(91, '00:51:33', 97, 197, 1, 8),
(92, '00:46:41', 145, 5, 4, 4),
(93, '00:54:34', 196, 189, 7, 8),
(94, '00:55:35', 178, 226, 2, 6),
(95, '00:47:51', 64, 106, 4, 4),
(96, '00:50:58', 36, 31, 1, 9),
(97, '00:58:34', 16, 153, 2, 2),
(98, '00:45:23', 125, 118, 4, 1),
(99, '00:47:42', 44, 75, 3, 9),
(100, '00:54:47', 146, 218, 2, 8),
(101, '00:46:31', 65, 101, 9, 9),
(102, '00:46:25', 126, 135, 2, 3),
(103, '00:55:58', 197, 110, 10, 4),
(104, '00:47:35', 179, 189, 7, 8),
(105, '00:53:08', 45, 13, 10, 2),
(106, '00:58:12', 37, 133, 3, 9),
(107, '00:45:06', 198, 169, 5, 2),
(108, '00:47:30', 147, 130, 4, 6),
(109, '00:51:17', 17, 3, 1, 8),
(110, '00:49:26', 38, 130, 7, 2),
(111, '00:55:46', 127, 206, 1, 3),
(112, '00:47:24', 66, 79, 1, 6),
(113, '00:52:12', 46, 186, 9, 2),
(114, '00:49:44', 148, 131, 7, 1),
(115, '00:47:18', 128, 211, 7, 6),
(116, '00:54:41', 180, 248, 3, 5),
(117, '00:45:24', 118, 76, 2, 1),
(118, '00:53:23', 199, 105, 3, 10),
(119, '00:54:45', 149, 249, 4, 10),
(120, '00:48:25', 129, 30, 4, 1),
(121, '00:59:50', 181, 174, 6, 1),
(122, '00:48:01', 18, 142, 5, 7),
(123, '00:52:50', 67, 4, 2, 10),
(124, '00:45:02', 39, 83, 6, 1),
(125, '00:51:26', 19, 173, 10, 2),
(126, '00:46:37', 98, 26, 5, 4),
(127, '00:52:18', 47, 57, 5, 7),
(128, '00:58:08', 150, 6, 2, 6),
(129, '00:45:13', 68, 93, 6, 1),
(130, '00:51:09', 119, 3, 4, 7),
(131, '00:53:14', 99, 118, 1, 10),
(132, '00:45:59', 130, 210, 4, 8),
(133, '00:50:07', 120, 149, 1, 7),
(134, '00:45:04', 48, 172, 4, 6),
(135, '00:47:52', 151, 231, 3, 1),
(136, '00:46:31', 131, 142, 8, 6),
(137, '00:45:59', 40, 108, 10, 3),
(138, '00:45:02', 100, 143, 7, 10),
(139, '00:49:23', 200, 110, 7, 10),
(140, '00:47:51', 121, 191, 4, 10),
(141, '00:46:33', 152, 55, 10, 5),
(142, '00:47:48', 20, 145, 9, 4),
(143, '00:51:43', 0, 92, 6, 1),
(144, '00:56:40', 101, 59, 8, 5),
(145, '00:49:43', 69, 236, 1, 6),
(146, '00:45:40', 21, 177, 10, 1),
(147, '00:45:08', 182, 14, 1, 5),
(148, '00:45:10', 122, 37, 3, 9),
(149, '00:45:10', 49, 213, 1, 10),
(150, '00:45:52', 164, 168, 7, 8),
(151, '00:53:16', 183, 98, 1, 2),
(152, '00:47:46', 70, 83, 8, 10),
(153, '00:58:50', 1, 122, 7, 9),
(154, '00:55:44', 22, 6, 9, 9),
(155, '00:46:47', 2, 155, 1, 3),
(156, '00:51:44', 102, 94, 7, 1),
(157, '00:48:13', 50, 43, 7, 5),
(158, '00:47:45', 132, 121, 2, 1),
(159, '00:58:15', 82, 69, 10, 5),
(160, '00:55:10', 71, 185, 9, 2),
(161, '00:55:19', 165, 7, 9, 4),
(162, '00:47:12', 103, 228, 1, 2),
(163, '00:49:44', 153, 185, 5, 1),
(164, '00:47:12', 133, 243, 10, 4),
(165, '00:46:47', 154, 212, 3, 6),
(166, '00:57:33', 83, 224, 5, 3),
(167, '00:48:42', 134, 232, 6, 5),
(168, '00:56:36', 104, 139, 1, 4),
(169, '00:45:37', 155, 15, 7, 7),
(170, '00:45:03', 51, 119, 8, 3),
(171, '00:46:12', 72, 222, 9, 6),
(172, '00:54:32', 135, 166, 3, 6),
(173, '00:48:23', 156, 53, 5, 2),
(174, '00:45:49', 184, 29, 6, 8),
(175, '00:45:03', 166, 57, 7, 1),
(176, '00:57:11', 52, 14, 10, 6),
(177, '00:55:21', 73, 137, 10, 3),
(178, '00:45:58', 185, 238, 10, 5),
(179, '00:45:28', 167, 6, 10, 9),
(180, '00:57:49', 84, 205, 3, 6),
(181, '00:57:57', 105, 77, 2, 8),
(182, '00:47:33', 53, 153, 5, 4),
(183, '00:55:46', 85, 167, 10, 3),
(184, '00:47:27', 106, 158, 3, 4),
(185, '00:53:24', 186, 104, 9, 8),
(186, '00:50:28', 168, 227, 10, 10),
(187, '00:56:19', 187, 172, 6, 7),
(188, '00:45:08', 74, 205, 6, 9),
(189, '00:54:11', 86, 42, 1, 9),
(190, '00:52:18', 107, 60, 1, 7),
(191, '00:45:20', 87, 77, 8, 2),
(192, '00:46:43', 54, 92, 7, 10),
(193, '00:54:59', 75, 85, 4, 3),
(194, '00:45:06', 55, 69, 8, 10),
(195, '00:59:26', 76, 94, 5, 9),
(196, '00:52:55', 56, 199, 1, 7),
(197, '00:52:55', 77, 116, 3, 2),
(198, '00:59:31', 57, 125, 3, 5),
(199, '00:58:18', 78, 147, 1, 4),
(200, '00:51:53', 58, 70, 6, 9),
(201, '00:46:33', 79, 171, 5, 9);

-- 
-- Restore previous SQL mode
-- 
/*!40101 SET SQL_MODE=@OLD_SQL_MODE */;

-- 
-- Enable foreign keys
-- 
/*!40014 SET FOREIGN_KEY_CHECKS = @OLD_FOREIGN_KEY_CHECKS */;